cluster,location_geometry
0,"POLYGON ((34.2005366 -118.39620419, 34.1969723 -118.3962292, 34.19457078 -118.39262009, 34.19473337 -118.39239411, 34.19819683 -118.39332039, 34.2005366 -118.39620419))"
1,"POLYGON ((34.19232724 -118.38942046, 34.188249 -118.390925, 34.18685 -118.39042, 34.18256307 -118.38604641, 34.18970976 -118.38272047, 34.19061138 -118.3825706, 34.19232724 -118.38942046))"
2,"POLYGON ((34.18894377 -118.37940859, 34.1864412 -118.37940669, 34.1907629 -118.37738437, 34.19175455 -118.37814434, 34.18894377 -118.37940859))"
3,"POLYGON ((34.17576653 -118.38889845, 34.17335125 -118.38839986, 34.17590709 -118.38717026, 34.17799192 -118.38695132, 34.18012202 -118.38674876, 34.18010374 -118.3868064, 34.17576653 -118.38889845))"
4,"POLYGON ((34.15760902 -118.38172127, 34.15438299 -118.36689519, 34.15776098 -118.3635483, 34.17199131 -118.36032629, 34.18203217 -118.35971676, 34.171818 -118.379018, 34.1712267 -118.3797626, 34.15760902 -118.38172127))"
5,"POLYGON ((34.16489471 -118.38743129, 34.16741171 -118.39216533, 34.16520935 -118.39549542, 34.1640958 -118.3971743, 34.16454094 -118.39109567, 34.16489471 -118.38743129))"
6,"POLYGON ((34.14588315 -118.37093956, 34.14524135 -118.37414838, 34.13841224 -118.36686861, 34.13822651 -118.36504911, 34.14195711 -118.36737229, 34.14588315 -118.37093956))"
7,"POLYGON ((34.13267449 -118.3557485, 34.13656176 -118.35555722, 34.13696055 -118.35601377, 34.13795616 -118.35988641, 34.13493308 -118.35891712, 34.13440887 -118.35851642, 34.13267449 -118.3557485))"
8,"POLYGON ((34.15727969 -118.38868244, 34.15533094 -118.3936887, 34.15100655 -118.3890706, 34.15727969 -118.38868244))"
9,"POLYGON ((34.14148714 -118.38881925, 34.14172374 -118.38774768, 34.14792165 -118.39238138, 34.14915178 -118.39669707, 34.14337814 -118.39655756, 34.14148714 -118.38881925))"
10,"POLYGON ((34.2135411 -118.39996683, 34.20617964 -118.39877965, 34.20757737 -118.39632555, 34.2141869 -118.3955493, 34.21727987 -118.3990256, 34.2135411 -118.39996683))"
11,"POLYGON ((34.18887115 -118.41818999, 34.18642314 -118.41996989, 34.18643702 -118.41994283, 34.1887611 -118.41729107, 34.18887115 -118.41818999))"
12,"POLYGON ((34.19629628 -118.41464505, 34.19644756 -118.41415784, 34.19667852 -118.41424631, 34.19686176 -118.41433349, 34.19673578 -118.41444002, 34.1966813 -118.41446877, 34.19629628 -118.41464505))"
13,"POLYGON ((34.20726947 -118.43001202, 34.20283731 -118.43168076, 34.2011272 -118.42852751, 34.2032391 -118.42617765, 34.20726947 -118.43001202))"
14,"POLYGON ((34.18786626 -118.44354467, 34.1968903 -118.4424557, 34.20509556 -118.44793051, 34.20223947 -118.45245279, 34.18972684 -118.44507422, 34.18786626 -118.44354467))"
15,"POLYGON ((34.18625 -118.4582914, 34.18472622 -118.45312739, 34.18477488 -118.45294169, 34.18963023 -118.45284113, 34.19050074 -118.4555681, 34.18625 -118.4582914))"
16,"POLYGON ((34.19240905 -118.45230175, 34.19248802 -118.45227581, 34.19424087 -118.45290978, 34.1947477 -118.4532267, 34.19534001 -118.45407095, 34.19694914 -118.45788946, 34.1952538 -118.4571576, 34.19416163 -118.45572023, 34.19240905 -118.45230175))"
18,"POLYGON ((34.19378108 -118.43726995, 34.1938712 -118.43729871, 34.1936439 -118.437499, 34.19080232 -118.43953435, 34.19365709 -118.43730721, 34.19378108 -118.43726995))"
19,"POLYGON ((34.1938469 -118.47791454, 34.19703299 -118.47922839, 34.1939845 -118.48349315, 34.18906056 -118.48627017, 34.18685666 -118.484443, 34.18646284 -118.48403195, 34.186535 -118.48361833, 34.1938469 -118.47791454))"
20,"POLYGON ((34.17964669 -118.43949466, 34.17814191 -118.43918634, 34.17803977 -118.43904927, 34.17814801 -118.43896583, 34.18155641 -118.43762076, 34.1815609 -118.4376977, 34.18150302 -118.43779905, 34.18147889 -118.43784071, 34.17964669 -118.43949466))"
21,"POLYGON ((34.17280193 -118.44617251, 34.16882679 -118.44413604, 34.1723699 -118.4416459, 34.1729108 -118.44442185, 34.17280193 -118.44617251))"
22,"POLYGON ((34.15167708 -118.45251918, 34.14986045 -118.45216124, 34.14772158 -118.44295622, 34.1494313 -118.4430547, 34.15015143 -118.44352104, 34.15472312 -118.44814866, 34.15207352 -118.45250121, 34.15167708 -118.45251918))"
23,"POLYGON ((34.1555646 -118.441601, 34.1509232 -118.44021652, 34.14916014 -118.43921148, 34.14994499 -118.43795987, 34.15557615 -118.43446079, 34.15852184 -118.43788435, 34.15857366 -118.43811972, 34.15855449 -118.43818143, 34.1555646 -118.441601))"
24,"POLYGON ((34.14948243 -118.40934442, 34.15404562 -118.41325675, 34.14938054 -118.41619689, 34.14591239 -118.41754317, 34.14486403 -118.41316383, 34.14687454 -118.41120166, 34.14948243 -118.40934442))"
25,"POLYGON ((34.15682127 -118.41739783, 34.15545602 -118.41347526, 34.15746246 -118.4135264, 34.157869 -118.41504923, 34.15787374 -118.41515731, 34.15736523 -118.41641505, 34.15682127 -118.41739783))"
26,"POLYGON ((34.1560841 -118.4690894, 34.15075777 -118.46723482, 34.1578493 -118.46359693, 34.16018 -118.4687304, 34.1560841 -118.4690894))"
27,"POLYGON ((34.21184544 -118.37272306, 34.20807914 -118.37373725, 34.20804713 -118.37338504, 34.2099871 -118.3686172, 34.2100034 -118.368594, 34.21347036 -118.37109869, 34.21369237 -118.37132467, 34.21184544 -118.37272306))"
28,"POLYGON ((34.22156803 -118.45878567, 34.2210977 -118.45463879, 34.22111908 -118.45380198, 34.22266667 -118.451, 34.22487853 -118.44942634, 34.22788906 -118.45546258, 34.23017428 -118.46260082, 34.22859238 -118.4708744, 34.22828087 -118.47145075, 34.22801718 -118.47123663, 34.2237302 -118.4632399, 34.22156803 -118.45878567))"
29,"POLYGON ((34.24287609 -118.47639338, 34.23762227 -118.47680815, 34.2328777 -118.473349, 34.2359628 -118.4679097, 34.23708633 -118.46692827, 34.23873375 -118.46778397, 34.24160445 -118.47345089, 34.24287609 -118.47639338))"
30,"POLYGON ((34.25888422 -118.45400153, 34.26329254 -118.45042404, 34.26150432 -118.45223589, 34.25890577 -118.45465423, 34.25878894 -118.45463377, 34.25874066 -118.45455263, 34.25888422 -118.45400153))"
31,"POLYGON ((34.19281092 -118.51002666, 34.19116024 -118.50228575, 34.19455961 -118.50188617, 34.19506866 -118.50654096, 34.19506957 -118.50672632, 34.19414699 -118.50976876, 34.19281092 -118.51002666))"
32,"POLYGON ((34.20476419 -118.50168417, 34.20098395 -118.50100959, 34.20169594 -118.49757325, 34.20233151 -118.49513037, 34.20638683 -118.49833257, 34.20789157 -118.50159556, 34.20476419 -118.50168417))"
33,"POLYGON ((34.18695663 -118.54727813, 34.18481629 -118.54484971, 34.1863748 -118.5402655, 34.18758745 -118.54635942, 34.18695663 -118.54727813))"
34,"POLYGON ((34.178428 -118.53862343, 34.17484775 -118.53916303, 34.16850162 -118.53541028, 34.16774017 -118.5338991, 34.168661 -118.53291035, 34.17526429 -118.53069857, 34.17741282 -118.5301208, 34.17752103 -118.53023155, 34.178428 -118.53862343))"
35,"POLYGON ((34.16888176 -118.52474837, 34.16700303 -118.52333001, 34.1660076 -118.51857562, 34.16927438 -118.51782119, 34.17207295 -118.51771632, 34.1733815 -118.5183423, 34.17519567 -118.52056716, 34.16895079 -118.52473332, 34.16888176 -118.52474837))"
36,"POLYGON ((34.21783225 -118.53670367, 34.20901662 -118.53866214, 34.20902706 -118.53862464, 34.21157586 -118.53374954, 34.21783225 -118.53670367))"
37,"POLYGON ((34.23520554 -118.56201118, 34.23519953 -118.56200548, 34.22689281 -118.55324102, 34.22707609 -118.55054663, 34.23570399 -118.55008122, 34.2403247 -118.5529857, 34.24147944 -118.55440021, 34.24258471 -118.5608649, 34.24258518 -118.56089721, 34.24225483 -118.56174305, 34.23520554 -118.56201118))"
38,"POLYGON ((34.235699 -118.534731, 34.236568 -118.5251862, 34.2456048 -118.51963122, 34.25022506 -118.51961665, 34.25370029 -118.51982905, 34.25174249 -118.5276858, 34.24427025 -118.53786222, 34.23897988 -118.5414218, 34.23685678 -118.53730812, 34.23603308 -118.53554091, 34.235699 -118.534731))"
39,"POLYGON ((34.23434031 -118.52085943, 34.23430146 -118.52106001, 34.23427036 -118.52098545, 34.23425909 -118.52078224, 34.23434031 -118.52085943))"
40,"POLYGON ((34.26157001 -118.53470583, 34.2616654 -118.53477172, 34.26163339 -118.53489991, 34.25839233 -118.53975368, 34.25846104 -118.53600369, 34.26157001 -118.53470583))"
41,"POLYGON ((34.26175841 -118.52616341, 34.25882674 -118.52814767, 34.25911479 -118.52788565, 34.26175841 -118.52616341))"
42,"POLYGON ((34.20095926 -118.56719035, 34.20313 -118.56569222, 34.20602641 -118.56689452, 34.20610399 -118.56714053, 34.20653016 -118.5685046, 34.20108423 -118.56722922, 34.20095926 -118.56719035))"
43,"POLYGON ((34.2058628 -118.57922963, 34.20164812 -118.57528104, 34.20179549 -118.57401561, 34.20677269 -118.57294441, 34.20885509 -118.57391185, 34.20986143 -118.57459238, 34.2098372 -118.5747382, 34.20864425 -118.57797883, 34.2082 -118.57891, 34.2058628 -118.57922963))"
44,"POLYGON ((34.18466951 -118.5669582, 34.1832048 -118.56577531, 34.18324033 -118.56560455, 34.18403836 -118.56227362, 34.18677294 -118.5610977, 34.18685045 -118.56120144, 34.18681203 -118.56395641, 34.18466951 -118.5669582))"
45,"POLYGON ((34.21904835 -118.58794928, 34.21407237 -118.58938929, 34.21418543 -118.58909938, 34.21607043 -118.58632955, 34.21904835 -118.58794928))"
46,"POLYGON ((34.18591232 -118.57328296, 34.18596663 -118.57937786, 34.18082381 -118.57730336, 34.182962 -118.574516, 34.18324683 -118.57427764, 34.18451864 -118.57353707, 34.18591232 -118.57328296))"
47,"POLYGON ((34.16914122 -118.57164686, 34.1715577 -118.5725348, 34.17032115 -118.5738248, 34.16594541 -118.57625099, 34.16760159 -118.57294435, 34.16887486 -118.57184103, 34.16914122 -118.57164686))"
48,"POLYGON ((34.20093853 -118.59500388, 34.20242936 -118.59457026, 34.20242508 -118.59476519, 34.20232698 -118.59480781, 34.20093853 -118.59500388))"
49,"POLYGON ((34.19278918 -118.60461634, 34.18708805 -118.60541188, 34.18878045 -118.60264163, 34.18974686 -118.60244001, 34.1913312 -118.60296744, 34.19278918 -118.60461634))"
50,"POLYGON ((34.17378655 -118.60923772, 34.16398188 -118.60352633, 34.17010899 -118.59916175, 34.1813245 -118.5959959, 34.190219 -118.59607, 34.18167606 -118.60383759, 34.17378655 -118.60923772))"
51,"POLYGON ((34.18214825 -118.61102187, 34.1808825 -118.61022458, 34.1825976 -118.60796492, 34.18260962 -118.60799901, 34.18274247 -118.61067253, 34.18214825 -118.61102187))"
52,"POLYGON ((34.17217765 -118.61335516, 34.16787 -118.617995, 34.16626764 -118.61587812, 34.17217765 -118.61335516))"
53,"POLYGON ((34.18213178 -118.63180406, 34.1820946 -118.6386237, 34.17498744 -118.63494703, 34.17321392 -118.63393295, 34.167651 -118.63036925, 34.18069358 -118.63118523, 34.18213178 -118.63180406))"
54,"POLYGON ((34.1613865 -118.6301655, 34.16297725 -118.63166442, 34.16005755 -118.63164748, 34.1598197 -118.63153542, 34.15974661 -118.63145529, 34.1613865 -118.6301655))"
55,"POLYGON ((34.188662 -118.63948113, 34.18540433 -118.63151254, 34.18877331 -118.62691289, 34.18920909 -118.63654378, 34.18904262 -118.63767735, 34.188662 -118.63948113))"
56,"POLYGON ((34.19131083 -118.62599031, 34.18914568 -118.62260308, 34.19393327 -118.61941316, 34.20132856 -118.62052204, 34.20162574 -118.62094942, 34.19989714 -118.62430804, 34.19987841 -118.62433855, 34.19986433 -118.62434509, 34.19646 -118.625509, 34.1952 -118.6257412, 34.19131083 -118.62599031))"
57,"POLYGON ((34.16930906 -118.6469707, 34.16761198 -118.64182541, 34.16998434 -118.64138055, 34.17046503 -118.64141093, 34.17094258 -118.64207385, 34.17177298 -118.64470866, 34.17165499 -118.64525199, 34.17082313 -118.64648706, 34.16930906 -118.6469707))"
58,"POLYGON ((34.20853636 -118.63257683, 34.20919452 -118.63634021, 34.20796008 -118.63590182, 34.20853636 -118.63257683))"
59,"POLYGON ((34.20598298 -118.64924799, 34.20475136 -118.64937102, 34.2045348 -118.64906128, 34.20438771 -118.64874506, 34.20492088 -118.64884298, 34.20598298 -118.64924799))"
60,"POLYGON ((34.20826375 -118.66201462, 34.20571675 -118.65677868, 34.20776607 -118.65688842, 34.20826375 -118.66201462))"
61,"POLYGON ((34.22105026 -118.57238007, 34.21861616 -118.57284794, 34.21857256 -118.57284111, 34.21856137 -118.5728045, 34.2193422 -118.5674971, 34.2195406 -118.56765, 34.22121299 -118.5711107, 34.22105026 -118.57238007))"
62,"POLYGON ((34.2615607 -118.5047459, 34.25792085 -118.50234353, 34.25862713 -118.50088201, 34.262574 -118.4984281, 34.26264739 -118.49839545, 34.26295953 -118.49931268, 34.26358102 -118.50175567, 34.2615607 -118.5047459))"
63,"POLYGON ((34.29661014 -118.52169226, 34.29648194 -118.52164499, 34.29655859 -118.52150182, 34.29667464 -118.52168896, 34.29667467 -118.52168922, 34.29667237 -118.52168998, 34.29661014 -118.52169226))"
64,"POLYGON ((34.08310726 -118.33876104, 34.0788133 -118.32673816, 34.08046994 -118.32029759, 34.09392289 -118.2894889, 34.09788863 -118.28705807, 34.09837701 -118.28695714, 34.10323945 -118.28728839, 34.10538855 -118.28794554, 34.1130214 -118.33018681, 34.1122 -118.339, 34.11218671 -118.33908317, 34.10553967 -118.35537368, 34.10180509 -118.35922444, 34.09806961 -118.3568789, 34.09458967 -118.3539039, 34.08310726 -118.33876104))"
65,"POLYGON ((34.08589915 -118.26776787, 34.09561831 -118.2822492, 34.094376 -118.285288, 34.09164953 -118.29062327, 34.09083033 -118.29210763, 34.08916875 -118.29276388, 34.08683014 -118.29357147, 34.0862789 -118.29365378, 34.08190566 -118.29037431, 34.0680172 -118.27982171, 34.06792837 -118.27971388, 34.0679544 -118.2705239, 34.07433988 -118.26589816, 34.08045196 -118.26627103, 34.08589915 -118.26776787))"
66,"POLYGON ((34.03318081 -118.26051611, 34.04190017 -118.23518252, 34.04774309 -118.2335098, 34.05625458 -118.23276294, 34.0665051 -118.2382128, 34.08104683 -118.25939527, 34.09056497 -118.29835882, 34.09051409 -118.29856656, 34.09013681 -118.30003308, 34.08439421 -118.31362628, 34.07997577 -118.31474887, 34.0690176 -118.3161177, 34.06318837 -118.31581761, 34.05401291 -118.31081851, 34.05219431 -118.30849235, 34.0365125 -118.2742289, 34.03318081 -118.26051611))"
67,"POLYGON ((34.036525 -118.280023, 34.04287199 -118.27728284, 34.04638665 -118.28095595, 34.048697 -118.28741614, 34.04925592 -118.29180505, 34.049023 -118.294536, 34.04605301 -118.29384556, 34.0403364 -118.2856775, 34.036525 -118.280023))"
68,"POLYGON ((34.0532053 -118.2831933, 34.0515842 -118.2842397, 34.05009081 -118.27942642, 34.05126144 -118.27887786, 34.05278046 -118.27989784, 34.0532053 -118.2831933))"
70,"POLYGON ((34.0411071 -118.2893068, 34.03303793 -118.30262368, 34.03111928 -118.30363225, 34.03100496 -118.30368799, 34.01836407 -118.30875972, 34.01553935 -118.30901789, 34.01526 -118.309025, 34.01468527 -118.30888561, 34.0025998 -118.289986, 34.0026079 -118.2897274, 34.0093547 -118.2798124, 34.02505245 -118.26716638, 34.02515831 -118.26716973, 34.03127576 -118.26750671, 34.0411071 -118.2893068))"
71,"POLYGON ((34.02904667 -118.30941226, 34.02900363 -118.30965936, 34.0241231 -118.3091577, 34.0239399 -118.3083716, 34.02903796 -118.30913605, 34.02904667 -118.30941226))"
72,"POLYGON ((34.00840855 -118.27463188, 34.00442241 -118.28239839, 34.00211256 -118.28134546, 34.0005144 -118.2783727, 34.00840855 -118.27463188))"
73,"POLYGON ((34.11290602 -118.28629757, 34.11119567 -118.29167945, 34.11000115 -118.28868709, 34.11290602 -118.28629757))"
74,"POLYGON ((34.02840688 -118.26318836, 34.0243041 -118.2622174, 34.0244658 -118.25942047, 34.0271566 -118.25579097, 34.03048224 -118.25763834, 34.02875293 -118.26280036, 34.02840688 -118.26318836))"
75,"POLYGON ((34.10023652 -118.36515284, 34.09766186 -118.36796941, 34.09761181 -118.3653043, 34.09762573 -118.36315166, 34.0980455 -118.3626086, 34.10018253 -118.36281367, 34.10023652 -118.36515284))"
76,"POLYGON ((33.99078305 -118.28040373, 33.9851571 -118.27630509, 33.9852604 -118.2761547, 33.9916786 -118.2753685, 33.9938987 -118.2783853, 33.99078305 -118.28040373))"
77,"POLYGON ((33.9808465 -118.2739964, 33.97400779 -118.27384936, 33.97894775 -118.27009418, 33.9808475 -118.2739158, 33.9808545 -118.2739941, 33.9808465 -118.2739964))"
78,"POLYGON ((33.9921688 -118.285862, 33.9911357 -118.2957906, 33.9840847 -118.2940223, 33.98566246 -118.2877847, 33.9921688 -118.285862))"
79,"POLYGON ((33.9903958 -118.30229189, 33.994144 -118.2985423, 33.99675117 -118.29884883, 33.99685857 -118.2990151, 33.9985122 -118.30616176, 33.99580861 -118.30785457, 33.99111317 -118.30373805, 33.9903958 -118.30229189))"
80,"POLYGON ((33.97141086 -118.25849746, 33.9708746 -118.2692451, 33.9672983 -118.2676152, 33.9661205 -118.2637955, 33.96577613 -118.26140543, 33.96675135 -118.25892654, 33.9668714 -118.25891074, 33.97141086 -118.25849746))"
81,"POLYGON ((34.0110547 -118.2485765, 34.02266503 -118.25180139, 34.01906696 -118.25488902, 34.0161758 -118.256332, 34.00976156 -118.25068114, 34.00984371 -118.25026577, 34.0110547 -118.2485765))"
82,"POLYGON ((34.01347836 -118.26331115, 34.01344263 -118.26315893, 34.01354874 -118.26306908, 34.01611315 -118.26120467, 34.01606313 -118.26159493, 34.01356334 -118.26325876, 34.01347836 -118.26331115))"
83,"POLYGON ((34.00672051 -118.24636308, 34.00615063 -118.24566696, 34.00747338 -118.2436464, 34.00769655 -118.24366818, 34.00681929 -118.24622621, 34.00672051 -118.24636308))"
84,"POLYGON ((33.9961436 -118.2409632, 33.99488207 -118.24251438, 33.99094303 -118.24237639, 33.99091874 -118.24214876, 33.99095606 -118.24208159, 33.99117823 -118.24190529, 33.99315394 -118.24053858, 33.9961436 -118.2409632))"
85,"POLYGON ((34.0509672 -118.22621039, 34.024659 -118.221472, 34.0203923 -118.21367363, 34.01928302 -118.20798102, 34.023067 -118.1988601, 34.0274495 -118.1965725, 34.03591092 -118.19363971, 34.03839219 -118.19325649, 34.03931598 -118.19326295, 34.05022964 -118.19416916, 34.05820172 -118.20260883, 34.05762962 -118.21319163, 34.0556263 -118.2185071, 34.0512059 -118.226103, 34.0509672 -118.22621039))"
86,"POLYGON ((34.08378637 -118.35412432, 34.07845063 -118.34366794, 34.08239932 -118.34421963, 34.0877791 -118.34929296, 34.08378637 -118.35412432))"
87,"POLYGON ((34.08195356 -118.36992853, 34.06132949 -118.36283657, 34.05705684 -118.34572549, 34.05957694 -118.34162943, 34.06155988 -118.34100095, 34.07613969 -118.34424083, 34.08395393 -118.35616414, 34.086086 -118.36111693, 34.08392547 -118.36715519, 34.08195356 -118.36992853))"
88,"POLYGON ((34.07070469 -118.37116728, 34.0771 -118.370847, 34.07836277 -118.37637663, 34.07294778 -118.38214267, 34.07191747 -118.38113579, 34.06967036 -118.3765731, 34.07070469 -118.37116728))"
89,"POLYGON ((34.0372245 -118.307578, 34.0429185 -118.3072926, 34.0442616 -118.3086799, 34.04472209 -118.31351923, 34.04471174 -118.313667, 34.04346401 -118.31770582, 34.04091734 -118.31758691, 34.03693691 -118.31453449, 34.03696778 -118.31025565, 34.0372245 -118.307578))"
90,"POLYGON ((34.056423 -118.333703, 34.05329068 -118.33734349, 34.04950781 -118.33661278, 34.04781744 -118.32704091, 34.05548056 -118.33157041, 34.056423 -118.333703))"
91,"POLYGON ((34.04523435 -118.34483896, 34.05052355 -118.34255645, 34.049523 -118.345302, 34.04814409 -118.3476547, 34.04761791 -118.34756, 34.04523435 -118.34483896))"
92,"POLYGON ((34.04218292 -118.35433197, 34.03777591 -118.35614677, 34.03912062 -118.34882953, 34.04083422 -118.34749964, 34.04187 -118.34954, 34.04218292 -118.35433197))"
94,"POLYGON ((34.07288424 -118.24126286, 34.07096135 -118.23732764, 34.078336 -118.2352841, 34.07634021 -118.23927002, 34.07288424 -118.24126286))"
95,"POLYGON ((34.02363069 -118.32807149, 34.01963681 -118.32492727, 34.0205981 -118.3198798, 34.02354368 -118.32415046, 34.02363069 -118.32807149))"
96,"POLYGON ((34.00702 -118.31339, 34.00390176 -118.31993369, 34.0003135 -118.3139351, 34.00040089 -118.31365443, 34.00043207 -118.31363163, 34.00702 -118.31339))"
97,"POLYGON ((34.11131856 -118.27445745, 34.1089254 -118.2782879, 34.10870684 -118.27815608, 34.10640165 -118.27623669, 34.10761951 -118.2739351, 34.10895999 -118.27330646, 34.11131856 -118.27445745))"
98,"POLYGON ((34.11304148 -118.26794076, 34.1103017 -118.26622584, 34.10969546 -118.2647705, 34.10976397 -118.26313904, 34.10977529 -118.26306888, 34.10981887 -118.26307546, 34.1098653 -118.26311509, 34.11104855 -118.26456764, 34.11304148 -118.26794076))"
99,"POLYGON ((34.0645026 -118.3271342, 34.0655876 -118.3264543, 34.0659403 -118.326909, 34.065996 -118.3269881, 34.064881 -118.3274605, 34.064837 -118.3274769, 34.064764 -118.3274688, 34.0645026 -118.3271342))"
100,"POLYGON ((34.04886531 -118.37528287, 34.05037711 -118.37385923, 34.05051349 -118.37386851, 34.05287117 -118.37448589, 34.0551184 -118.3753267, 34.0550983 -118.3753824, 34.05474123 -118.3762732, 34.05230506 -118.38128222, 34.0499775 -118.377725, 34.04886531 -118.37528287))"
101,"POLYGON ((34.04093746 -118.3639249, 34.03659785 -118.36377159, 34.03652428 -118.36365222, 34.03650979 -118.36361585, 34.0361016 -118.3600807, 34.03956147 -118.36237587, 34.04093746 -118.3639249))"
102,"POLYGON ((34.01285374 -118.33565637, 34.01691986 -118.33055025, 34.01941796 -118.33471047, 34.01285374 -118.33565637))"
103,"POLYGON ((34.08347324 -118.21292453, 34.07534968 -118.21425479, 34.0735007 -118.2086404, 34.07424388 -118.20326799, 34.08302261 -118.19988409, 34.08303523 -118.19988065, 34.08311381 -118.19987227, 34.08319142 -118.1998649, 34.08319482 -118.19998518, 34.08355697 -118.21280492, 34.08347324 -118.21292453))"
104,"POLYGON ((34.091145 -118.2083754, 34.09416321 -118.20856447, 34.0927962 -118.21511, 34.08896449 -118.21934184, 34.08878343 -118.21891861, 34.08755986 -118.215142, 34.08898831 -118.2090069, 34.08905666 -118.2089109, 34.091145 -118.2083754))"
105,"POLYGON ((34.09111681 -118.22357449, 34.08640644 -118.21902222, 34.09273833 -118.22081001, 34.09282655 -118.22083533, 34.09291786 -118.22103788, 34.09111681 -118.22357449))"
106,"POLYGON ((34.06268544 -118.22853454, 34.06275371 -118.22835344, 34.0628747 -118.22841556, 34.06300791 -118.2286373, 34.06298503 -118.22867783, 34.06271634 -118.22862591, 34.06268544 -118.22853454))"
107,"POLYGON ((33.96883706 -118.30378653, 33.97026895 -118.30795246, 33.96956372 -118.30710615, 33.96822036 -118.30346522, 33.96883706 -118.30378653))"
108,"POLYGON ((33.96741027 -118.31462782, 33.96719621 -118.31472168, 33.96718366 -118.31472016, 33.96700202 -118.31466495, 33.96707755 -118.31457074, 33.967346 -118.31447209, 33.96741027 -118.31462782))"
110,"POLYGON ((33.9703956 -118.2836694, 33.97250753 -118.2869254, 33.9684063 -118.2875439, 33.96458384 -118.28782028, 33.9627765 -118.2852421, 33.9703956 -118.2836694))"
111,"POLYGON ((33.93656989 -118.28642389, 33.93315461 -118.28613632, 33.93299895 -118.2860171, 33.9286413 -118.2815436, 33.93245335 -118.28210698, 33.93656989 -118.28642389))"
112,"POLYGON ((33.9457717 -118.2656462, 33.94021113 -118.26829174, 33.93999113 -118.26717166, 33.94004517 -118.26444729, 33.94039061 -118.2631032, 33.944066 -118.2631687, 33.9457717 -118.2656462))"
113,"POLYGON ((33.9255963 -118.26836082, 33.93116 -118.27038, 33.9274081 -118.269964, 33.9262917 -118.2696702, 33.92564112 -118.26860962, 33.9255963 -118.26836082))"
114,"POLYGON ((33.93331925 -118.26584702, 33.92937764 -118.26522288, 33.9295756 -118.2647687, 33.93143099 -118.26254569, 33.93148196 -118.26250797, 33.93260162 -118.26330979, 33.93264871 -118.26338222, 33.93331925 -118.26584702))"
115,"POLYGON ((33.94779608 -118.24226566, 33.9506009 -118.23902817, 33.95200671 -118.24435504, 33.95097756 -118.24694749, 33.9504113 -118.24654889, 33.94779608 -118.24226566))"
116,"POLYGON ((33.98047686 -118.33178221, 33.97949572 -118.32648979, 33.98400312 -118.3280282, 33.98382871 -118.32823442, 33.98047686 -118.33178221))"
117,"POLYGON ((33.98900578 -118.33475864, 33.98247492 -118.33780814, 33.98178183 -118.33388222, 33.98178583 -118.33387824, 33.9855173 -118.33281967, 33.9875634 -118.3337095, 33.98884686 -118.33438966, 33.98900578 -118.33475864))"
118,"POLYGON ((34.03300635 -118.3944709, 34.03388907 -118.38613821, 34.03760034 -118.39115347, 34.03300635 -118.3944709))"
119,"POLYGON ((34.03989132 -118.42328883, 34.0316433 -118.42548846, 34.03075661 -118.42450563, 34.03436409 -118.42288596, 34.03989132 -118.42328883))"
120,"POLYGON ((34.03976067 -118.43341464, 34.03541248 -118.44067429, 34.03382184 -118.43812938, 34.0371667 -118.4349008, 34.03976067 -118.43341464))"
121,"POLYGON ((34.074117 -118.4552625, 34.04272573 -118.45868952, 34.04005386 -118.45802462, 34.04022449 -118.45737758, 34.0431504 -118.44910498, 34.0470408 -118.44111941, 34.05027699 -118.43569678, 34.0608345 -118.43375101, 34.07111767 -118.43911101, 34.07261023 -118.44182747, 34.074117 -118.4552625))"
122,"POLYGON ((34.04062204 -118.46557785, 34.040258 -118.46727864, 34.04017158 -118.46724378, 34.04012085 -118.4671794, 34.0393197 -118.46606953, 34.04062204 -118.46557785))"
123,"POLYGON ((34.04626719 -118.46444341, 34.04902006 -118.45789604, 34.05581465 -118.46419499, 34.05563834 -118.46584774, 34.05250133 -118.46802964, 34.04702435 -118.4667874, 34.04626719 -118.46444341))"
124,"POLYGON ((34.0619693 -118.417853, 34.05789508 -118.42360004, 34.05333854 -118.4163505, 34.05290244 -118.41100185, 34.05879392 -118.41153058, 34.06122108 -118.41454983, 34.0619693 -118.417853))"
125,"POLYGON ((34.07296058 -118.18078681, 34.0729216 -118.1740367, 34.0731165 -118.17411165, 34.075713 -118.1768932, 34.07569921 -118.1775287, 34.07546697 -118.18210537, 34.0753921 -118.18209099, 34.07296058 -118.18078681))"
126,"POLYGON ((34.086814 -118.168095, 34.09474094 -118.16903972, 34.09043041 -118.17597597, 34.08224246 -118.18595362, 34.08224258 -118.18034622, 34.086814 -118.168095))"
127,"POLYGON ((34.09970099 -118.18836114, 34.09577077 -118.18500051, 34.10426252 -118.18285648, 34.10322026 -118.18777479, 34.101898 -118.1880757, 34.09970099 -118.18836114))"
128,"POLYGON ((34.11206545 -118.20216979, 34.10883693 -118.20482945, 34.105695 -118.20192702, 34.10565832 -118.20181498, 34.10517969 -118.19987957, 34.10623688 -118.19767118, 34.10853181 -118.19493859, 34.110075 -118.1965721, 34.11178788 -118.19912238, 34.11206545 -118.20216979))"
129,"POLYGON ((34.11424457 -118.18812002, 34.1187092 -118.1820549, 34.12143595 -118.18591313, 34.1200767 -118.18953211, 34.11995997 -118.18951422, 34.118007 -118.189183, 34.11424457 -118.18812002))"
130,"POLYGON ((34.13976997 -118.21657201, 34.1302735 -118.2184932, 34.13246968 -118.21492868, 34.13945369 -118.21050882, 34.13976997 -118.21657201))"
131,"POLYGON ((34.13205448 -118.2064255, 34.13174321 -118.20616946, 34.13271569 -118.19940926, 34.13297815 -118.19937246, 34.13288371 -118.20258855, 34.13205448 -118.2064255))"
132,"POLYGON ((33.99516667 -118.44966667, 33.99460515 -118.45408886, 33.98546673 -118.44672779, 33.98526126 -118.44654017, 33.98426716 -118.44499032, 33.98509868 -118.44064809, 33.98635006 -118.4379889, 33.98815768 -118.44029271, 33.99516667 -118.44966667))"
133,"POLYGON ((33.99220985 -118.47270012, 33.99070045 -118.46739762, 33.9962 -118.469, 33.9975938 -118.46972681, 33.99584436 -118.47092601, 33.99220985 -118.47270012))"
134,"POLYGON ((33.98817075 -118.46801164, 33.991476 -118.47611145, 33.98712597 -118.47551107, 33.98575955 -118.47516549, 33.98426346 -118.47162354, 33.9852602 -118.46993677, 33.98562468 -118.4696177, 33.98817075 -118.46801164))"
135,"POLYGON ((33.99026814 -118.46313837, 33.99069185 -118.46670823, 33.98947769 -118.46341113, 33.9895 -118.46333333, 33.99026814 -118.46313837))"
136,"POLYGON ((33.97668072 -118.46456888, 33.98073823 -118.46343921, 33.98079032 -118.46355881, 33.98136831 -118.46757538, 33.97692909 -118.46689733, 33.97668072 -118.46456888))"
137,"POLYGON ((33.973085 -118.422665, 33.96796703 -118.42287539, 33.96470635 -118.42062998, 33.96914104 -118.41152195, 33.97111888 -118.41100608, 33.97238522 -118.4144593, 33.97247494 -118.41500243, 33.973085 -118.422665))"
138,"POLYGON ((33.96044524 -118.3964495, 33.9556762 -118.3997074, 33.95444011 -118.39547236, 33.957526 -118.3916289, 33.96044524 -118.3964495))"
139,"POLYGON ((33.95777569 -118.38029743, 33.95815504 -118.38481438, 33.95340957 -118.38177661, 33.95346884 -118.38140185, 33.95777569 -118.38029743))"
140,"POLYGON ((33.94582981 -118.39507163, 33.94256593 -118.37088582, 33.94515103 -118.3702399, 33.94575485 -118.37020045, 33.94794554 -118.37541315, 33.94959942 -118.38858843, 33.94939542 -118.39145064, 33.94582981 -118.39507163))"
141,"POLYGON ((33.94403824 -118.41084043, 33.93613579 -118.40840338, 33.9378911 -118.40103068, 33.9405123 -118.39476059, 33.94170244 -118.39402724, 33.94582246 -118.39815759, 33.94761094 -118.40108627, 33.94692108 -118.40785202, 33.94609327 -118.41024241, 33.94403824 -118.41084043))"
142,"POLYGON ((33.95558286 -118.43345954, 33.95444583 -118.43253993, 33.95816592 -118.42970958, 33.95765753 -118.43290692, 33.9556283 -118.43345949, 33.95558286 -118.43345954))"
143,"POLYGON ((33.97646469 -118.38902058, 33.97662961 -118.38678733, 33.97760734 -118.38877398, 33.98037635 -118.39444374, 33.97722257 -118.39232033, 33.97647447 -118.38918699, 33.97646469 -118.38902058))"
144,"POLYGON ((33.97083027 -118.37895118, 33.97112064 -118.37680336, 33.97438925 -118.37360809, 33.97744227 -118.37159718, 33.97793268 -118.37166116, 33.97583439 -118.38155286, 33.9730797 -118.380233, 33.97083027 -118.37895118))"
145,"POLYGON ((33.98467904 -118.40829391, 33.9846632 -118.40807028, 33.98495258 -118.40604538, 33.9864247 -118.4040256, 33.98615695 -118.40767712, 33.98615028 -118.40769987, 33.98467904 -118.40829391))"
146,"POLYGON ((34.10763795 -118.23885986, 34.10321419 -118.23957736, 34.10293948 -118.23950375, 34.10267097 -118.23934504, 34.10217323 -118.23901108, 34.10149348 -118.23472976, 34.10163555 -118.23449818, 34.10615251 -118.23426716, 34.10763795 -118.23885986))"
147,"POLYGON ((34.11054445 -118.23551743, 34.1131921 -118.23394582, 34.1138 -118.235, 34.112571 -118.2411952, 34.11078342 -118.23633167, 34.11054445 -118.23551743))"
148,"POLYGON ((34.08699286 -118.48333535, 34.08479216 -118.4833733, 34.08468542 -118.48250304, 34.08520503 -118.48163625, 34.08699286 -118.48333535))"
149,"POLYGON ((34.11828437 -118.30031991, 34.119279 -118.296467, 34.11958856 -118.29616618, 34.11981049 -118.29598729, 34.12013156 -118.30041405, 34.11994 -118.30076, 34.11832861 -118.30052254, 34.11828437 -118.30031991))"
150,"POLYGON ((34.25986866 -118.60254007, 34.2574891 -118.601491, 34.257496 -118.60014187, 34.25928653 -118.59761864, 34.2593566 -118.59760213, 34.26054473 -118.59779454, 34.26059767 -118.59801494, 34.25986866 -118.60254007))"
151,"POLYGON ((34.25611548 -118.584424, 34.25455774 -118.58902008, 34.25223156 -118.58634808, 34.25203572 -118.58429368, 34.25611548 -118.584424))"
153,"POLYGON ((34.30188035 -118.45098923, 34.30406017 -118.44589, 34.3070394 -118.44608614, 34.30779648 -118.44740317, 34.30656443 -118.44891991, 34.30188035 -118.45098923))"
154,"POLYGON ((34.30639523 -118.43017752, 34.30752258 -118.42917298, 34.30807093 -118.42996708, 34.30765254 -118.43492583, 34.30654856 -118.43140072, 34.30639523 -118.43017752))"
155,"POLYGON ((34.27988799 -118.39427337, 34.27874051 -118.40026578, 34.2777928 -118.3967097, 34.27783679 -118.3932884, 34.27988799 -118.39427337))"
156,"POLYGON ((33.79147476 -118.30852223, 33.78275745 -118.30630126, 33.79007048 -118.30140201, 33.79210609 -118.3003529, 33.79217465 -118.30033334, 33.79218738 -118.30040214, 33.79165964 -118.30759829, 33.79147476 -118.30852223))"
157,"POLYGON ((33.78876865 -118.26845988, 33.7823261 -118.2672401, 33.7824385 -118.2667833, 33.7833973 -118.2648198, 33.7871984 -118.261809, 33.7872294 -118.2618485, 33.78864264 -118.26782601, 33.78876865 -118.26845988))"
158,"POLYGON ((33.72897492 -118.28497792, 33.72867 -118.29, 33.72677447 -118.28877214, 33.726269 -118.287623, 33.72897492 -118.28497792))"
159,"POLYGON ((33.750454 -118.307563, 33.75033674 -118.30851993, 33.74620229 -118.3125993, 33.7460483 -118.31272263, 33.74586257 -118.31277379, 33.74440058 -118.30549699, 33.74442465 -118.30540119, 33.74451145 -118.30539566, 33.74459283 -118.30542047, 33.750454 -118.307563))"
160,"POLYGON ((34.25897167 -118.30652288, 34.2527233 -118.30344758, 34.25276343 -118.30327464, 34.26339555 -118.29471732, 34.26340067 -118.29475281, 34.26283916 -118.29851914, 34.2598723 -118.30623393, 34.25897167 -118.30652288))"
161,"POLYGON ((34.2478294 -118.2819215, 34.25042458 -118.28208681, 34.2505185 -118.2822524, 34.24715312 -118.28628568, 34.24701744 -118.28631652, 34.24695663 -118.28622883, 34.24691254 -118.28616388, 34.2478294 -118.2819215))"
162,"POLYGON ((34.235255 -118.27048, 34.23577127 -118.26782729, 34.23595203 -118.26790835, 34.23742435 -118.26959588, 34.235255 -118.27048))"
